insumo,unidad,cantidad_comprada,precio_pagado,usado_en,nota
Aceite,ml,,,"Alitas (porción), Hamburguesa de res, prep:Arroz blanco, prep:Relleno carne picante, prep:Relleno pollo con champiñones, prep:Relleno stroganoff de res…",
Agua,ml,,,"Alitas (porción), Café, Limonada Cerezada, Limonada Natural, prep:Arroz blanco",
Aguacate hass,g,,,prep:Guacamole,
Ajo,Und,,,,
Ajo (dientes),g,,,prep:Salsa hobbycenter,
Ajo En Polvo,Gramos,,,,DUPLICADO: unificar
Ajo en polvo,g,,,"prep:Adobo base seco, prep:Salsa búfalo",DUPLICADO: unificar
Ají,Gramos,,,,
Alitas De Pollo,Gramos,,,,DUPLICADO: unificar
Alitas de pollo,g,,,Alitas (porción),DUPLICADO: unificar
Almíbar de chilacuán,ml,,,Crepe de chilacuán,
Anís,Gramos,,,,
Arroz comino,g,,,prep:Arroz blanco,
Atún en lata,g,,,prep:Relleno atún cremoso,
Azúcar,g,,,"Hamburguesa de res, Limonada Cerezada, Limonada Natural, prep:Masa crepes",
Azúcar Sobre,Und,,,,
Banano,g,,,Crepe de nutella,
Brownie,unidad,,,Brownie con Helado,
Café Red Honey,Gramos,,,Café,
Canela En Astillas,Gramos,,,,
Carne De Hamburguesa,Und,,,,
Carne Lomo,Gramos,,,,
Carne Misteriosa,Und,,,"Salchipapa Mixta, Salchipapa Ranchera",
Carne Para Salchipapa,Gramos,,,"Nachos, Salchipapa Pollo",REVISAR UNIDAD (¿piezas o gramos?)
Carne Stroganoff Crepe,Gramos,,,,
Carne de res molida,g,,,"Hamburguesa de res, prep:Relleno carne picante",
Cebolla Polvo,Gramos,,,,
Cebolla cabezona,g,,,"Hamburguesa de res, prep:Guacamole, prep:Pico de gallo, prep:Relleno pollo con champiñones, prep:Relleno stroganoff de res",
Cebolla en polvo,g,,,prep:Adobo base seco,
Cebolla morada,g,,,"prep:Pico de gallo, prep:Relleno atún cremoso",
Cebollas,Und,,,,
Cerezas,g,,,"Brownie con Helado, Limonada Cerezada",
Champiñones,g,,,"prep:Relleno pollo con champiñones, prep:Relleno stroganoff de res",
Chapil,ml,,,Hervido,
Chilacuán en almíbar,g,,,Crepe de chilacuán,
Chocolate Bebida,Gramos,,,Chocolate,
Cilantro fresco,g,,,"prep:Guacamole, prep:Pico de gallo, prep:Relleno atún cremoso",
Clavos,Gramos,,,,
Comino,g,,,prep:Adobo base seco,
Crema de leche,ml,,,"Crepe de chilacuán, prep:Ensalada coleslaw, prep:Relleno pollo con champiñones, prep:Relleno stroganoff de res",
Crispetas,Gramos,,,,
Cúrcuma,g,,,prep:Adobo base seco,
Esencia De Vainilla,Gramos,,,,
Fresas,g,,,Crepe de nutella,
Harina,Gramos,,,,
Harina de trigo,g,,,"Alitas (porción), prep:Filete de pollo apanado, prep:Masa crepes",
Helado De Mora,Gramos,,,Crepe de nutella,
Helado De Vainilla,Gramos,,,"Brownie con Helado, Crepe de chilacuán",REVISAR UNIDAD (¿piezas o gramos?)
Huevos,unidad,,,"prep:Masa crepes, prep:Salsa hobbycenter",
Jugo de limón,ml,,,prep:Guacamole,
Lavaloza,Und,,,,
Leche,ml,,,"Chocolate, prep:Masa crepes",
Leche Condensada,Gramos,,,"Brownie con Helado, Limonada Cerezada",DUPLICADO: unificar
Leche Deslactosada,ml,,,,
Leche condensada,g,,,"Crepe de chilacuán, Crepe de nutella",DUPLICADO: unificar
Lechuga,g,,,"Hamburguesa de res, Sándwich de pollo con champiñones, Sándwich stroganoff de res",REVISAR UNIDAD (¿piezas o gramos?)
Lemmon pepper,g,,,prep:Salsa lemmon pepper,
Limones,Und,,,"Limonada Cerezada, Limonada Natural, Michelada, prep:Pico de gallo",
Lomo Filete,Gramos,,,,
Maicena,g,,,"Alitas (porción), prep:Filete de pollo apanado",
Maicitos,g,,,"Salchipapa Mixta, Salchipapa Pollo, Salchipapa Ranchera",
Mantequilla,g,,,"Hamburguesa de pollo, Hamburguesa de res, Sándwich de atún, Sándwich de pollo con champiñones, Sándwich stroganoff de res, prep:Masa crepes…",
Manzana verde,g,,,prep:Ensalada coleslaw,
Mayonesa,g,,,"prep:Ensalada coleslaw, prep:Relleno atún cremoso, prep:Salsa miel mostaza",
Maíz dulce,g,,,"prep:Relleno atún cremoso, prep:Relleno carne picante",
Mezcladores,Und,,,,
Miel,g,,,"prep:Ensalada coleslaw, prep:Salsa hobbycenter, prep:Salsa lemmon pepper, prep:Salsa miel mostaza",
Moras,Gramos,,,Hervido,
Mostaza,g,,,"prep:Ensalada coleslaw, prep:Relleno atún cremoso, prep:Salsa hobbycenter, prep:Salsa miel mostaza",
Moztaza,g,,,,
Nutella,g,,,Crepe de nutella,
Orégano Polvo,Gramos,,,,
Orégano en polvo,g,,,"prep:Adobo base seco, prep:Salsa hobbycenter",
Palillos Pinchos,Und,,,,
Pan artesanal,g,,,"Hamburguesa de pollo, Hamburguesa de res, Perro Caliente Pollo, Perro Caliente Ranchero",REVISAR UNIDAD (¿piezas o gramos?)
Pan tipo cubano,g,,,"Sándwich de atún, Sándwich de pollo con champiñones, Sándwich stroganoff de res",
Panela,Und,,,,
Papa,Kilogramo,,,"Crepe pollo con champiñones, Crepe stroganoff de res, Papas Combo, Porcion de Papas, Salchipapa Mixta, Salchipapa Pollo…",
Paprika,g,,,"prep:Adobo base seco, prep:Salsa búfalo",
Pecho de res,g,,,prep:Relleno stroganoff de res,
Pechuga De Pollo Crepe,Gramos,,,,
Pechuga de pollo,g,,,"Nachos, Perro Caliente Pollo, Salchipapa Mixta, Salchipapa Pollo, prep:Filete de pollo apanado, prep:Relleno pollo con champiñones",
Pimienta,g,,,"prep:Adobo base seco, prep:Guacamole, prep:Relleno pollo con champiñones, prep:Relleno stroganoff de res, prep:Salsa búfalo, prep:Salsa hobbycenter",
Pimienta Polvo,Gramos,,,,
Queso campesino,g,,,Crepe de chilacuán,
Queso crema,g,,,"Nachos, prep:Relleno atún cremoso",
Queso tajado,g,,,"Crepe mexicano, Crepe pollo con champiñones, Crepe stroganoff de res, Hamburguesa de pollo, Hamburguesa de res, Perro Caliente Pollo…",REVISAR UNIDAD (¿piezas o gramos?)
Ralladura de naranja,g,,,Crepe de chilacuán,
Repollo morado,g,,,prep:Ensalada coleslaw,
Repollo verde,g,,,prep:Ensalada coleslaw,
Sal,g,,,"Michelada, prep:Adobo base seco, prep:Arroz blanco, prep:Guacamole, prep:Masa crepes, prep:Relleno pollo con champiñones…",
Salchicha Americana,unidad,,,"Perro Caliente Pollo, Perro Caliente Ranchero",
Salchicha Manguera,Und,,,"Porcion de Papas, Salchipapa Mixta, Salchipapa Pollo, Salchipapa Ranchera",
Salsa BBQ,Gramos,,,"Perro Caliente Ranchero, Salchipapa Mixta, Salchipapa Pollo, Salchipapa Ranchera",DUPLICADO: unificar | REVISAR UNIDAD (¿piezas o gramos?)
Salsa Cheddar,Gramos,,,"Nachos, Perro Caliente Pollo, Perro Caliente Ranchero",REVISAR UNIDAD (¿piezas o gramos?)
Salsa Inglesa,Gramos,,,,DUPLICADO: unificar
Salsa Rosada,Gramos,,,"Nachos, Salchipapa Mixta",
Salsa Tomate,Gramos,,,"Nachos, Salchipapa Mixta",
Salsa bbq,g,,,"Perro Caliente Pollo, prep:Salsa hobbycenter",DUPLICADO: unificar
Salsa de tomate,g,,,prep:Salsa búfalo,
Salsa inglesa,g,,,prep:Salsa hobbycenter,DUPLICADO: unificar
Salsa picante,g,,,prep:Salsa búfalo,
Salsa tipo cheddar,g,,,Hamburguesa de res,
Sazonarey,Gramos,,,,
Sazonatodo,g,,,"prep:Adobo base seco, prep:Arroz blanco, prep:Relleno atún cremoso, prep:Salsa hobbycenter",
Tajín,Gramos,,,,
Tocineta,g,,,"Hamburguesa de res, Perro Caliente Ranchero, Salchipapa Mixta, Salchipapa Pollo, Salchipapa Ranchera",REVISAR UNIDAD (¿piezas o gramos?)
Tomate,g,,,"Hamburguesa de res, prep:Pico de gallo",
Tostadas,Und,,,,
Té La Teresita,Und,,,,
Vinagre,g,,,"prep:Ensalada coleslaw, prep:Salsa búfalo, prep:Salsa hobbycenter",
Vino Blanco,ml,,,,DUPLICADO: unificar
Vino blanco,ml,,,"prep:Relleno pollo con champiñones, prep:Relleno stroganoff de res",DUPLICADO: unificar
Zanahoria,g,,,prep:Ensalada coleslaw,
